{
    "total_runtime": 0.5397746562957764,
    "num_documents": 1,
    "input_load_time": 0,
    "workflows": {
        "create_base_text_units": {
            "overall": 0.30294036865234375,
            "0_orderby": 0.01640486717224121,
            "1_zip": 0.005782127380371094,
            "2_aggregate_override": 0.017766952514648438,
            "3_chunk": 0.18807244300842285,
            "4_select": 0.006656169891357422,
            "5_unroll": 0.01789236068725586,
            "6_rename": 0.0034439563751220703,
            "7_genid": 0.004512310028076172,
            "8_unzip": 0.003504514694213867,
            "9_copy": 0.0038721561431884766,
            "10_filter": 0.03303790092468262
        }
    }
}