{
    "total_runtime": 307.3159296512604,
    "num_documents": 1,
    "input_load_time": 0,
    "workflows": {
        "create_base_text_units": {
            "overall": 0.4075777530670166,
            "0_orderby": 0.012359857559204102,
            "1_zip": 0.005995750427246094,
            "2_aggregate_override": 0.016002416610717773,
            "3_chunk": 0.2976503372192383,
            "4_select": 0.0059969425201416016,
            "5_unroll": 0.01867818832397461,
            "6_rename": 0.003517627716064453,
            "7_genid": 0.006670713424682617,
            "8_unzip": 0.004139900207519531,
            "9_copy": 0.003475666046142578,
            "10_filter": 0.030863285064697266
        },
        "create_base_extracted_entities": {
            "overall": 124.30223226547241,
            "0_entity_extract": 124.09889888763428,
            "1_merge_graphs": 0.19017410278320312,
            "2_snapshot_rows": 0.008674144744873047
        },
        "create_summarized_entities": {
            "overall": 25.041473150253296,
            "0_summarize_descriptions": 25.02785062789917,
            "1_snapshot_rows": 0.009616851806640625
        },
        "create_base_entity_graph": {
            "overall": 1.2731328010559082,
            "0_cluster_graph": 1.2243635654449463,
            "1_snapshot_rows": 0.02096080780029297,
            "2_snapshot_rows": 0.015517234802246094,
            "3_select": 0.007996082305908203
        },
        "create_final_entities": {
            "overall": 15.218522310256958,
            "0_unpack_graph": 0.3651723861694336,
            "1_rename": 0.008001089096069336,
            "2_select": 0.009064435958862305,
            "3_dedupe": 0.009157657623291016,
            "4_rename": 0.007840394973754883,
            "5_filter": 0.035284996032714844,
            "6_text_split": 0.026168346405029297,
            "7_drop": 0.007999658584594727,
            "8_merge": 0.24065685272216797,
            "9_text_embed": 14.451956510543823,
            "10_drop": 0.010844230651855469,
            "11_filter": 0.03926730155944824
        },
        "create_final_nodes": {
            "overall": 3.62337327003479,
            "0_layout_graph": 2.0484416484832764,
            "1_unpack_graph": 0.5485696792602539,
            "2_unpack_graph": 0.7989816665649414,
            "3_filter": 0.06360244750976562,
            "4_drop": 0.011168479919433594,
            "5_select": 0.010885000228881836,
            "6_snapshot": 0.027530670166015625,
            "7_rename": 0.008707523345947266,
            "8_join": 0.03151822090148926,
            "9_convert": 0.0524289608001709,
            "10_rename": 0.013006448745727539
        },
        "create_final_communities": {
            "overall": 1.3372325897216797,
            "0_create_final_communities": 1.3266935348510742
        },
        "create_final_relationships": {
            "overall": 0.5806224346160889,
            "0_create_final_relationships_pre_embedding": 0.5496773719787598,
            "1_create_final_relationships_post_embedding": 0.021879196166992188
        },
        "create_final_text_units": {
            "overall": 0.056154489517211914,
            "0_create_final_text_units_pre_embedding": 0.03294181823730469,
            "1_select": 0.011211156845092773
        },
        "create_final_community_reports": {
            "overall": 131.9333953857422,
            "0_prepare_community_reports_nodes": 0.056960344314575195,
            "1_prepare_community_reports_edges": 0.030601024627685547,
            "2_restore_community_hierarchy": 0.028743982315063477,
            "3_prepare_community_reports": 0.6840801239013672,
            "4_create_community_reports": 131.10749745368958,
            "5_window": 0.014514446258544922
        },
        "create_base_documents": {
            "overall": 0.14774107933044434,
            "0_unroll": 0.016060829162597656,
            "1_select": 0.011385679244995117,
            "2_rename": 0.01408243179321289,
            "3_join": 0.01744985580444336,
            "4_aggregate_override": 0.012559175491333008,
            "5_join": 0.018271446228027344,
            "6_rename": 0.01603388786315918,
            "7_convert": 0.028995990753173828
        },
        "create_final_documents": {
            "overall": 0.026734113693237305,
            "0_rename": 0.013275623321533203
        }
    }
}