{
    "total_runtime": 5607.41872048378,
    "num_documents": 1,
    "input_load_time": 0,
    "workflows": {
        "create_base_text_units": {
            "overall": 2.495936155319214,
            "0_orderby": 0.010283708572387695,
            "1_zip": 0.002407073974609375,
            "2_aggregate_override": 0.017623424530029297,
            "3_chunk": 2.3772594928741455,
            "4_select": 0.006680011749267578,
            "5_unroll": 0.013160467147827148,
            "6_rename": 0.01640915870666504,
            "7_genid": 0.007321596145629883,
            "8_unzip": 0.004319667816162109,
            "9_copy": 0.004714488983154297,
            "10_filter": 0.033757925033569336
        },
        "create_base_extracted_entities": {
            "overall": 5603.365724563599,
            "0_entity_extract": 5603.274685621262,
            "1_merge_graphs": 0.07271814346313477,
            "2_snapshot_rows": 0.009770393371582031
        },
        "create_summarized_entities": {
            "overall": 0.03586292266845703,
            "0_summarize_descriptions": 0.017018795013427734,
            "1_snapshot_rows": 0.010922670364379883
        }
    }
}