{
    "total_runtime": 5605.9722447395325,
    "num_documents": 1,
    "input_load_time": 0,
    "workflows": {
        "create_base_text_units": {
            "overall": 0.36987900733947754,
            "0_orderby": 0.0045473575592041016,
            "1_zip": 0.007205486297607422,
            "2_aggregate_override": 0.007513523101806641,
            "3_chunk": 0.27506446838378906,
            "4_select": 0.0055043697357177734,
            "5_unroll": 0.009364128112792969,
            "6_rename": 0.006192445755004883,
            "7_genid": 0.012029647827148438,
            "8_unzip": 0.008865118026733398,
            "9_copy": 0.007785797119140625,
            "10_filter": 0.022236108779907227
        },
        "create_base_extracted_entities": {
            "overall": 5604.124089956284,
            "0_entity_extract": 5604.054431438446,
            "1_merge_graphs": 0.0543825626373291,
            "2_snapshot_rows": 0.007711648941040039
        },
        "create_summarized_entities": {
            "overall": 0.024809598922729492,
            "0_summarize_descriptions": 0.011402368545532227,
            "1_snapshot_rows": 0.008523702621459961
        }
    }
}