{
    "total_runtime": 2662.5946502685547,
    "num_documents": 1839,
    "input_load_time": 0,
    "workflows": {
        "create_base_text_units": {
            "overall": 0.7108883857727051,
            "0_orderby": 0.005490303039550781,
            "1_zip": 0.004002094268798828,
            "2_aggregate_override": 0.0272824764251709,
            "3_chunk": 0.591078519821167,
            "4_select": 0.004118442535400391,
            "5_unroll": 0.005665779113769531,
            "6_rename": 0.00443267822265625,
            "7_genid": 0.026232481002807617,
            "8_unzip": 0.005380153656005859,
            "9_copy": 0.004614591598510742,
            "10_filter": 0.0305633544921875
        },
        "create_base_extracted_entities": {
            "overall": 1121.3393814563751,
            "0_entity_extract": 1119.5974290370941,
            "1_merge_graphs": 1.7075836658477783,
            "2_snapshot_rows": 0.02979588508605957
        },
        "create_summarized_entities": {
            "overall": 175.19875502586365,
            "0_summarize_descriptions": 175.14365434646606,
            "1_snapshot_rows": 0.04896998405456543
        },
        "create_base_entity_graph": {
            "overall": 16.12104296684265,
            "0_cluster_graph": 15.856787919998169,
            "1_snapshot_rows": 0.16622471809387207,
            "2_snapshot_rows": 0.07943177223205566,
            "3_select": 0.008580207824707031
        },
        "create_final_entities": {
            "overall": 53.15634298324585,
            "0_unpack_graph": 7.286442518234253,
            "1_rename": 0.01722550392150879,
            "2_select": 0.018037080764770508,
            "3_dedupe": 0.024312973022460938,
            "4_rename": 0.01285696029663086,
            "5_filter": 0.20480561256408691,
            "6_text_split": 0.16950368881225586,
            "7_drop": 0.014216184616088867,
            "8_merge": 1.361790418624878,
            "9_text_embed": 43.85576009750366,
            "10_drop": 0.011080741882324219,
            "11_filter": 0.17087483406066895
        },
        "create_final_nodes": {
            "overall": 42.988479137420654,
            "0_layout_graph": 25.136260986328125,
            "1_unpack_graph": 8.336005926132202,
            "2_unpack_graph": 8.603402376174927,
            "3_filter": 0.5885839462280273,
            "4_drop": 0.02048349380493164,
            "5_select": 0.013436079025268555,
            "6_rename": 0.011762619018554688,
            "7_join": 0.16153597831726074,
            "8_convert": 0.05537557601928711,
            "9_rename": 0.050482749938964844
        },
        "create_final_communities": {
            "overall": 30.54670548439026,
            "0_unpack_graph": 8.04725432395935,
            "1_unpack_graph": 7.66710090637207,
            "2_aggregate_override": 0.034082651138305664,
            "3_join": 0.6621580123901367,
            "4_join": 0.7137763500213623,
            "5_concat": 0.08904743194580078,
            "6_filter": 12.460150957107544,
            "7_aggregate_override": 0.3398137092590332,
            "8_join": 0.02221512794494629,
            "9_filter": 0.1260216236114502,
            "10_fill": 0.015369653701782227,
            "11_merge": 0.30963754653930664,
            "12_copy": 0.014613866806030273,
            "13_select": 0.015404939651489258
        },
        "join_text_units_to_entity_ids": {
            "overall": 0.13715267181396484,
            "0_select": 0.018704891204833984,
            "1_unroll": 0.02687835693359375,
            "2_aggregate_override": 0.0713648796081543
        },
        "create_final_relationships": {
            "overall": 9.591307640075684,
            "0_unpack_graph": 7.80991530418396,
            "1_filter": 0.679722785949707,
            "2_rename": 0.026993751525878906,
            "3_filter": 0.9186255931854248,
            "4_drop": 0.020155906677246094,
            "5_compute_edge_combined_degree": 0.04350614547729492,
            "6_convert": 0.042520999908447266,
            "7_convert": 0.029288053512573242
        },
        "join_text_units_to_relationship_ids": {
            "overall": 0.13721036911010742,
            "0_select": 0.01700568199157715,
            "1_unroll": 0.025999784469604492,
            "2_aggregate_override": 0.05877399444580078,
            "3_select": 0.01750040054321289
        },
        "create_final_community_reports": {
            "overall": 1202.5013501644135,
            "0_prepare_community_reports_nodes": 0.4867091178894043,
            "1_prepare_community_reports_edges": 0.1833946704864502,
            "2_restore_community_hierarchy": 0.7257261276245117,
            "3_prepare_community_reports": 7.918915271759033,
            "4_create_community_reports": 1193.136738061905,
            "5_window": 0.02535724639892578
        },
        "create_final_text_units": {
            "overall": 0.16089773178100586,
            "0_select": 0.023630619049072266,
            "1_rename": 0.01976943016052246,
            "2_join": 0.0269620418548584,
            "3_join": 0.02725362777709961,
            "4_aggregate_override": 0.023922443389892578,
            "5_select": 0.02269911766052246
        },
        "create_base_documents": {
            "overall": 0.28676819801330566,
            "0_unroll": 0.025409698486328125,
            "1_select": 0.021732568740844727,
            "2_rename": 0.022600412368774414,
            "3_join": 0.029002666473388672,
            "4_aggregate_override": 0.042732954025268555,
            "5_join": 0.028707027435302734,
            "6_rename": 0.021051645278930664,
            "7_convert": 0.07641792297363281
        },
        "create_final_documents": {
            "overall": 0.04217648506164551,
            "0_rename": 0.02267909049987793
        }
    }
}