{
    "total_runtime": 86.84026050567627,
    "num_documents": 1,
    "input_load_time": 0,
    "workflows": {
        "create_base_text_units": {
            "overall": 0.38249969482421875,
            "0_orderby": 0.012018680572509766,
            "1_zip": 0.006998777389526367,
            "2_aggregate_override": 0.02968311309814453,
            "3_chunk": 0.2313680648803711,
            "4_select": 0.00798797607421875,
            "5_unroll": 0.021177053451538086,
            "6_rename": 0.0045015811920166016,
            "7_genid": 0.006412029266357422,
            "8_unzip": 0.006980180740356445,
            "9_copy": 0.005223989486694336,
            "10_filter": 0.04645037651062012
        },
        "create_base_extracted_entities": {
            "overall": 40.247196435928345,
            "0_entity_extract": 40.18757891654968,
            "1_merge_graphs": 0.04301929473876953,
            "2_snapshot_rows": 0.012600898742675781
        },
        "create_summarized_entities": {
            "overall": 7.311447620391846,
            "0_summarize_descriptions": 7.293751239776611,
            "1_snapshot_rows": 0.009373903274536133
        },
        "create_base_entity_graph": {
            "overall": 0.14794445037841797,
            "0_cluster_graph": 0.10067391395568848,
            "1_snapshot_rows": 0.01634359359741211,
            "2_snapshot_rows": 0.011166572570800781,
            "3_select": 0.010442972183227539
        },
        "create_final_entities": {
            "overall": 4.118718385696411,
            "0_unpack_graph": 0.03456997871398926,
            "1_rename": 0.011997222900390625,
            "2_select": 0.009998321533203125,
            "3_dedupe": 0.017794370651245117,
            "4_rename": 0.012559652328491211,
            "5_filter": 0.04602956771850586,
            "6_text_split": 0.022886991500854492,
            "7_drop": 0.0160067081451416,
            "8_merge": 0.048467397689819336,
            "9_text_embed": 3.8273308277130127,
            "10_drop": 0.02912116050720215,
            "11_filter": 0.03150606155395508
        },
        "create_final_nodes": {
            "overall": 0.57015061378479,
            "0_layout_graph": 0.1683788299560547,
            "1_unpack_graph": 0.04082751274108887,
            "2_unpack_graph": 0.05495047569274902,
            "3_filter": 0.04833555221557617,
            "4_drop": 0.021517515182495117,
            "5_select": 0.02082681655883789,
            "6_snapshot": 0.024561643600463867,
            "7_rename": 0.019607067108154297,
            "8_join": 0.039544105529785156,
            "9_convert": 0.08278751373291016,
            "10_rename": 0.0388178825378418
        },
        "create_final_communities": {
            "overall": 0.5091893672943115,
            "0_unpack_graph": 0.06090831756591797,
            "1_unpack_graph": 0.04746818542480469,
            "2_aggregate_override": 0.031759023666381836,
            "3_join": 0.023956298828125,
            "4_join": 0.02170252799987793,
            "5_concat": 0.02888941764831543,
            "6_filter": 0.0755455493927002,
            "7_aggregate_override": 0.028975725173950195,
            "8_join": 0.027572154998779297,
            "9_filter": 0.048273324966430664,
            "10_fill": 0.01799178123474121,
            "11_merge": 0.030706167221069336,
            "12_copy": 0.024996042251586914,
            "13_select": 0.023436784744262695
        },
        "join_text_units_to_entity_ids": {
            "overall": 0.08177518844604492,
            "0_select": 0.01758599281311035,
            "1_unroll": 0.021976232528686523,
            "2_aggregate_override": 0.026793956756591797
        },
        "create_final_relationships": {
            "overall": 0.26418137550354004,
            "0_unpack_graph": 0.0402529239654541,
            "1_filter": 0.04631686210632324,
            "2_rename": 0.019832372665405273,
            "3_filter": 0.045089006423950195,
            "4_drop": 0.028096675872802734,
            "5_compute_edge_combined_degree": 0.02896738052368164,
            "6_convert": 0.029572486877441406,
            "7_convert": 0.012997865676879883
        },
        "join_text_units_to_relationship_ids": {
            "overall": 0.09222245216369629,
            "0_select": 0.019403696060180664,
            "1_unroll": 0.016063928604125977,
            "2_aggregate_override": 0.017370223999023438,
            "3_select": 0.01911616325378418
        },
        "create_final_community_reports": {
            "overall": 26.91262435913086,
            "0_prepare_community_reports_nodes": 0.02794361114501953,
            "1_prepare_community_reports_edges": 0.027423620223999023,
            "2_restore_community_hierarchy": 0.01900315284729004,
            "3_prepare_community_reports": 0.0957341194152832,
            "4_create_community_reports": 26.69913673400879,
            "5_window": 0.018008947372436523
        },
        "create_final_text_units": {
            "overall": 0.1737351417541504,
            "0_select": 0.022315263748168945,
            "1_rename": 0.02442193031311035,
            "2_join": 0.028760671615600586,
            "3_join": 0.02687668800354004,
            "4_aggregate_override": 0.02900099754333496,
            "5_select": 0.023054838180541992
        },
        "create_base_documents": {
            "overall": 0.2584726810455322,
            "0_unroll": 0.0196075439453125,
            "1_select": 0.019986629486083984,
            "2_rename": 0.027745485305786133,
            "3_join": 0.0290069580078125,
            "4_aggregate_override": 0.02869129180908203,
            "5_join": 0.03578495979309082,
            "6_rename": 0.024546146392822266,
            "7_convert": 0.050783634185791016
        },
        "create_final_documents": {
            "overall": 0.045281410217285156,
            "0_rename": 0.02000284194946289
        }
    }
}